pacote,pauta,artigo,n,referencia,pmid,doi,link_doi,link_pubmed,observacao_do_assistente,decisao,comentario
81,139,Manejo da Insônia em Plantões: Abordagem no Pronto-Atendimento,1,"Riemann D, Espie CA, Altena E et al. The European Insomnia Guideline: An update on the diagnosis and treatment of insomnia 2023. J Sleep Res. 2023;32(6):e14035. PMID 38016484. doi:10.1111/jsr.14035. Diretriz clínica.",38016484,10.1111/jsr.14035,https://doi.org/10.1111/jsr.14035,https://pubmed.ncbi.nlm.nih.gov/38016484/,Fontes sobre insônia crônica e diretrizes gerais; não há fonte específica de pronto atendimento.,mantém,Decisão do Dr. Antônio Felipe em 2026-10-06: mantém todas as referências
81,139,Manejo da Insônia em Plantões: Abordagem no Pronto-Atendimento,2,"Riemann D, Baglioni C, Bassetti C et al. European guideline for the diagnosis and treatment of insomnia. J Sleep Res. 2017;26(6):675-700. PMID 28875581. doi:10.1111/jsr.12594. Diretriz clínica.",28875581,10.1111/jsr.12594,https://doi.org/10.1111/jsr.12594,https://pubmed.ncbi.nlm.nih.gov/28875581/,Fontes sobre insônia crônica e diretrizes gerais; não há fonte específica de pronto atendimento.,mantém,Decisão do Dr. Antônio Felipe em 2026-10-06: mantém todas as referências
81,139,Manejo da Insônia em Plantões: Abordagem no Pronto-Atendimento,3,"Qaseem A, Kansagara D, Forciea MA et al. Management of Chronic Insomnia Disorder in Adults: A Clinical Practice Guideline From the American College of Physicians. Ann Intern Med. 2016;165(2):125-133. PMID 27136449. doi:10.7326/M15-2175. Diretriz clínica.",27136449,10.7326/M15-2175,https://doi.org/10.7326/M15-2175,https://pubmed.ncbi.nlm.nih.gov/27136449/,Fontes sobre insônia crônica e diretrizes gerais; não há fonte específica de pronto atendimento.,mantém,Decisão do Dr. Antônio Felipe em 2026-10-06: mantém todas as referências
82,140,Crise de Ansiedade vs Infarto: Diagnóstico Diferencial no PA,1,"Gulati M, Levy PD, Mukherjee D et al. 2021 AHA/ACC/ASE/CHEST/SAEM/SCCT/SCMR Guideline for the Evaluation and Diagnosis of Chest Pain. Circulation. 2021;144(22):e368-e454. PMID 34709879. doi:10.1161/CIR.0000000000001029. Diretriz clínica.",34709879,10.1161/CIR.0000000000001029,https://doi.org/10.1161/CIR.0000000000001029,https://pubmed.ncbi.nlm.nih.gov/34709879/,Duas fontes (diretriz de dor torácica e revisão sobre pânico e doença coronariana); falta a terceira.,mantém,Decisão do Dr. Antônio Felipe em 2026-10-06: mantém todas as referências
82,140,Crise de Ansiedade vs Infarto: Diagnóstico Diferencial no PA,2,Katerndahl D. Panic plaques: panic disorder & coronary artery disease in patients with chest pain. J Am Board Fam Pract. 2004;17(2):114-126. PMID 15082670. doi:10.3122/jabfm.17.2.114. Revisão sistemática.,15082670,10.3122/jabfm.17.2.114,https://doi.org/10.3122/jabfm.17.2.114,https://pubmed.ncbi.nlm.nih.gov/15082670/,Duas fontes (diretriz de dor torácica e revisão sobre pânico e doença coronariana); falta a terceira.,mantém,Decisão do Dr. Antônio Felipe em 2026-10-06: mantém todas as referências
83,141,Manejo de Efeitos Colaterais Extrapiramidais no Plantão,1,"Vanegas-Arroyave N, Caroff SN, Citrome L et al. An Evidence-Based Update on Anticholinergic Use for Drug-Induced Movement Disorders. CNS Drugs. 2024;38(4):239-254. PMID 38502289. doi:10.1007/s40263-024-01078-z. Revisão.",38502289,10.1007/s40263-024-01078-z,https://doi.org/10.1007/s40263-024-01078-z,https://pubmed.ncbi.nlm.nih.gov/38502289/,A fonte sobre síndrome neuroléptica maligna foi incluída porque o artigo cita o diagnóstico diferencial.,mantém,Decisão do Dr. Antônio Felipe em 2026-10-06: mantém todas as referências
83,141,Manejo de Efeitos Colaterais Extrapiramidais no Plantão,2,"Ali T, Sisay M, Tariku M et al. Antipsychotic-induced extrapyramidal side effects: A systematic review and meta-analysis of observational studies. PLoS One. 2021;16(9):e0257129. PMID 34506552. doi:10.1371/journal.pone.0257129. Revisão sistemática e metanálise.",34506552,10.1371/journal.pone.0257129,https://doi.org/10.1371/journal.pone.0257129,https://pubmed.ncbi.nlm.nih.gov/34506552/,A fonte sobre síndrome neuroléptica maligna foi incluída porque o artigo cita o diagnóstico diferencial.,mantém,Decisão do Dr. Antônio Felipe em 2026-10-06: mantém todas as referências
83,141,Manejo de Efeitos Colaterais Extrapiramidais no Plantão,3,"Ware MR, Feller DB, Hall KL. Neuroleptic Malignant Syndrome: Diagnosis and Management. Prim Care Companion CNS Disord. 2018;20(1). PMID 29325237. doi:10.4088/PCC.17r02185. Revisão.",29325237,10.4088/PCC.17r02185,https://doi.org/10.4088/PCC.17r02185,https://pubmed.ncbi.nlm.nih.gov/29325237/,A fonte sobre síndrome neuroléptica maligna foi incluída porque o artigo cita o diagnóstico diferencial.,mantém,Decisão do Dr. Antônio Felipe em 2026-10-06: mantém todas as referências
84,144,Abordagem da Dor Crônica e Sofrimento Psíquico na UBS,1,"Bair MJ, Robinson RL, Katon W et al. Depression and pain comorbidity: a literature review. Arch Intern Med. 2003;163(20):2433-2445. PMID 14609780. doi:10.1001/archinte.163.20.2433. Revisão.",14609780,10.1001/archinte.163.20.2433,https://doi.org/10.1001/archinte.163.20.2433,https://pubmed.ncbi.nlm.nih.gov/14609780/,Duas fontes; faltam fontes sobre abordagem da dor crônica na atenção primária.,mantém,Decisão do Dr. Antônio Felipe em 2026-10-06: mantém todas as referências
84,144,Abordagem da Dor Crônica e Sofrimento Psíquico na UBS,2,"Dowell D, Ragan KR, Jones CM et al. CDC Clinical Practice Guideline for Prescribing Opioids for Pain - United States, 2022. MMWR Recomm Rep. 2022;71(3):1-95. PMID 36327391. doi:10.15585/mmwr.rr7103a1. Diretriz clínica.",36327391,10.15585/mmwr.rr7103a1,https://doi.org/10.15585/mmwr.rr7103a1,https://pubmed.ncbi.nlm.nih.gov/36327391/,Duas fontes; faltam fontes sobre abordagem da dor crônica na atenção primária.,mantém,Decisão do Dr. Antônio Felipe em 2026-10-06: mantém todas as referências
85,145,Avaliação Inicial de Sintomas Conversivos no Pronto-Socorro,1,"Finkelstein SA, Cortel-LeBlanc MA, Cortel-LeBlanc A et al. Functional neurological disorder in the emergency department. Acad Emerg Med. 2021;28(6):685-696. PMID 33866653. doi:10.1111/acem.14263. Revisão narrativa.",33866653,10.1111/acem.14263,https://doi.org/10.1111/acem.14263,https://pubmed.ncbi.nlm.nih.gov/33866653/,,mantém,Decisão do Dr. Antônio Felipe em 2026-10-06: mantém todas as referências
85,145,Avaliação Inicial de Sintomas Conversivos no Pronto-Socorro,2,"Bennett K, Diamond C, Hoeritzauer I et al. A practical review of functional neurological disorder (FND) for the general physician. Clin Med (Lond). 2021;21(1):28-36. PMID 33479065. doi:10.7861/clinmed.2020-0987. Revisão.",33479065,10.7861/clinmed.2020-0987,https://doi.org/10.7861/clinmed.2020-0987,https://pubmed.ncbi.nlm.nih.gov/33479065/,,mantém,Decisão do Dr. Antônio Felipe em 2026-10-06: mantém todas as referências
85,145,Avaliação Inicial de Sintomas Conversivos no Pronto-Socorro,3,"Aybek S, Perez DL. Diagnosis and management of functional neurological disorder. BMJ. 2022;376:o64. PMID 35074803. doi:10.1136/bmj.o64. Revisão.",35074803,10.1136/bmj.o64,https://doi.org/10.1136/bmj.o64,https://pubmed.ncbi.nlm.nih.gov/35074803/,,mantém,Decisão do Dr. Antônio Felipe em 2026-10-06: mantém todas as referências
86,146,Manejo da Hiperventilação e Ataque de Pânico no Plantão,1,"Nardi AE, Valença AM, Nascimento I et al. Panic disorder and hyperventilation. Arq Neuropsiquiatr. 1999;57(4):932-936. PMID 10683682. doi:10.1590/s0004-282x1999000600006. Estudo experimental.",10683682,10.1590/s0004-282x1999000600006,https://doi.org/10.1590/s0004-282x1999000600006,https://pubmed.ncbi.nlm.nih.gov/10683682/,,mantém,Decisão do Dr. Antônio Felipe em 2026-10-06: mantém todas as referências
86,146,Manejo da Hiperventilação e Ataque de Pânico no Plantão,2,"Meuret AE, Ritz T. Hyperventilation in panic disorder and asthma: empirical evidence and clinical strategies. Int J Psychophysiol. 2010;78(1):68-79. PMID 20685222. doi:10.1016/j.ijpsycho.2010.05.006. Revisão.",20685222,10.1016/j.ijpsycho.2010.05.006,https://doi.org/10.1016/j.ijpsycho.2010.05.006,https://pubmed.ncbi.nlm.nih.gov/20685222/,,mantém,Decisão do Dr. Antônio Felipe em 2026-10-06: mantém todas as referências
86,146,Manejo da Hiperventilação e Ataque de Pânico no Plantão,3,"Foldes-Busque G, Marchand A, Landry P. Early detection and treatment of panic disorder with or without agoraphobia: update. Can Fam Physician. 2007;53(10):1686-1693. PMID 17934032. Revisão (artigo em francês, com resumo em inglês).",17934032,,,https://pubmed.ncbi.nlm.nih.gov/17934032/,,mantém,Decisão do Dr. Antônio Felipe em 2026-10-06: mantém todas as referências
87,147,Desmame Seguro de Benzodiazepínicos na Atenção Primária,1,"Tannenbaum C, Martin P, Tamblyn R et al. Reduction of inappropriate benzodiazepine prescriptions among older adults through direct patient education: the EMPOWER cluster randomized trial. JAMA Intern Med. 2014;174(6):890-898. PMID 24733354. doi:10.1001/jamainternmed.2014.949. Ensaio clínico randomizado em cluster.",24733354,10.1001/jamainternmed.2014.949,https://doi.org/10.1001/jamainternmed.2014.949,https://pubmed.ncbi.nlm.nih.gov/24733354/,Uma fonte é sobre educação de pacientes idosos; a Cochrane trata de intervenções farmacológicas.,mantém,Decisão do Dr. Antônio Felipe em 2026-10-06: mantém todas as referências
87,147,Desmame Seguro de Benzodiazepínicos na Atenção Primária,2,"Baandrup L, Ebdrup BH, Rasmussen JØ et al. Pharmacological interventions for benzodiazepine discontinuation in chronic benzodiazepine users. Cochrane Database Syst Rev. 2018;3(3):CD011481. PMID 29543325. doi:10.1002/14651858.CD011481.pub2. Revisão sistemática Cochrane e metanálise.",29543325,10.1002/14651858.CD011481.pub2,https://doi.org/10.1002/14651858.CD011481.pub2,https://pubmed.ncbi.nlm.nih.gov/29543325/,Uma fonte é sobre educação de pacientes idosos; a Cochrane trata de intervenções farmacológicas.,mantém,Decisão do Dr. Antônio Felipe em 2026-10-06: mantém todas as referências
87,147,Desmame Seguro de Benzodiazepínicos na Atenção Primária,3,"Peng L, Morford KL, Levander XA. Benzodiazepines and Related Sedatives. Med Clin North Am. 2022;106(1):113-129. PMID 34823725. doi:10.1016/j.mcna.2021.08.012. Revisão.",34823725,10.1016/j.mcna.2021.08.012,https://doi.org/10.1016/j.mcna.2021.08.012,https://pubmed.ncbi.nlm.nih.gov/34823725/,Uma fonte é sobre educação de pacientes idosos; a Cochrane trata de intervenções farmacológicas.,mantém,Decisão do Dr. Antônio Felipe em 2026-10-06: mantém todas as referências
88,148,Uso de inibidores seletivos da recaptação de serotonina na UBS,1,"Cipriani A, Furukawa TA, Salanti G et al. Comparative efficacy and acceptability of 21 antidepressant drugs for the acute treatment of adults with major depressive disorder: a systematic review and network meta-analysis. Lancet. 2018;391(10128):1357-1366. PMID 29477251. doi:10.1016/S0140-6736(17)32802-7. Revisão sistemática e metanálise em rede.",29477251,10.1016/S0140-6736(17)32802-7,https://doi.org/10.1016/S0140-6736(17)32802-7,https://pubmed.ncbi.nlm.nih.gov/29477251/,Apenas uma fonte (rede de comparação de antidepressivos); faltam fontes sobre manejo de ISRS na atenção primária.,mantém,Decisão do Dr. Antônio Felipe em 2026-10-06: mantém todas as referências
89,155,Professores e o ciberbullying: impactos na saúde mental,1,"Oksanen A, Celuch M, Latikka R et al. Hate and harassment in academia: the rising concern of the online environment. High Educ (Dordr). 2021;84(3):541-567. PMID 34840344. doi:10.1007/s10734-021-00787-4. Artigo original. Fonte parcial: o estudo trata de assédio online contra professores e pesquisadores universitários na Finlândia, não de professores da educação básica; a adequação ao artigo fica com o revisor.",34840344,10.1007/s10734-021-00787-4,https://doi.org/10.1007/s10734-021-00787-4,https://pubmed.ncbi.nlm.nih.gov/34840344/,"Nenhuma fonte adequada encontrada: as buscas devolveram trabalhos sobre cyberbullying entre alunos e assédio na academia, que não sustentam o artigo. Seguem as consultas pendentes.",mantém,Decisão do Dr. Antônio Felipe em 2026-10-06: mantém todas as referências
90,156,Cuidadores de pacientes com sequelas de AVC em casa,1,"Bakas T, McCarthy MJ, Miller EL. Systematic Review of the Evidence for Stroke Family Caregiver and Dyad Interventions. Stroke. 2022;53(6):2093-2102. PMID 35264010. doi:10.1161/STROKEAHA.121.034090. Revisão sistemática.",35264010,10.1161/STROKEAHA.121.034090,https://doi.org/10.1161/STROKEAHA.121.034090,https://pubmed.ncbi.nlm.nih.gov/35264010/,,mantém,Decisão do Dr. Antônio Felipe em 2026-10-06: mantém todas as referências
90,156,Cuidadores de pacientes com sequelas de AVC em casa,2,"Zhang XY, Sha KH, Ma XY et al. Dyadic psycho-social interventions for stroke survivors and family caregivers: A systematic review and meta-analysis of randomized controlled trials. J Adv Nurs. 2023;79(10):3707-3726. PMID 37439492. doi:10.1111/jan.15781. Revisão sistemática e metanálise.",37439492,10.1111/jan.15781,https://doi.org/10.1111/jan.15781,https://pubmed.ncbi.nlm.nih.gov/37439492/,,mantém,Decisão do Dr. Antônio Felipe em 2026-10-06: mantém todas as referências
90,156,Cuidadores de pacientes com sequelas de AVC em casa,3,"Mou H, Lam SKK, Chien WT. The effects of a family-focused dyadic psychoeducational intervention for stroke survivors and their family caregivers: A randomised controlled trial. Int J Nurs Stud. 2023;143:104504. PMID 37149953. doi:10.1016/j.ijnurstu.2023.104504. Ensaio clínico randomizado.",37149953,10.1016/j.ijnurstu.2023.104504,https://doi.org/10.1016/j.ijnurstu.2023.104504,https://pubmed.ncbi.nlm.nih.gov/37149953/,,mantém,Decisão do Dr. Antônio Felipe em 2026-10-06: mantém todas as referências
91,157,Professores de educação infantil e a regulação emocional,1,"Li S, Li Y, Lv H et al. The prevalence and correlates of burnout among Chinese preschool teachers. BMC Public Health. 2020;20(1):160. PMID 32013939. doi:10.1186/s12889-020-8287-7. Estudo transversal.",32013939,10.1186/s12889-020-8287-7,https://doi.org/10.1186/s12889-020-8287-7,https://pubmed.ncbi.nlm.nih.gov/32013939/,,mantém,Decisão do Dr. Antônio Felipe em 2026-10-06: mantém todas as referências
91,157,Professores de educação infantil e a regulação emocional,2,"Zhao N, Huo M, Van Den Noortgate W. Exploring burnout among preschool teachers in rural China: a job demands-resources model perspective. Front Psychol. 2023;14:1253774. PMID 37885751. doi:10.3389/fpsyg.2023.1253774. Estudo transversal.",37885751,10.3389/fpsyg.2023.1253774,https://doi.org/10.3389/fpsyg.2023.1253774,https://pubmed.ncbi.nlm.nih.gov/37885751/,,mantém,Decisão do Dr. Antônio Felipe em 2026-10-06: mantém todas as referências
91,157,Professores de educação infantil e a regulação emocional,3,"Piperac P, Terzić-Supić Z, Maksimović A et al. Burnout syndrome among preschool teachers in Serbia. Arh Hig Rada Toksikol. 2024;75(2):116-124. PMID 38963143. doi:10.2478/aiht-2024-75-3825. Estudo transversal.",38963143,10.2478/aiht-2024-75-3825,https://doi.org/10.2478/aiht-2024-75-3825,https://pubmed.ncbi.nlm.nih.gov/38963143/,,mantém,Decisão do Dr. Antônio Felipe em 2026-10-06: mantém todas as referências
92,159,Professores de EJA: lidando com histórias de superação,1,"Agyapong B, Obuobi-Donkor G, Burback L et al. Stress, Burnout, Anxiety and Depression among Teachers: A Scoping Review. Int J Environ Res Public Health. 2022;19(17). PMID 36078422. doi:10.3390/ijerph191710706. Revisão de escopo.",36078422,10.3390/ijerph191710706,https://doi.org/10.3390/ijerph191710706,https://pubmed.ncbi.nlm.nih.gov/36078422/,,mantém,Decisão do Dr. Antônio Felipe em 2026-10-06: mantém todas as referências
92,159,Professores de EJA: lidando com histórias de superação,2,"Berger E, Nott D. Predictors of compassion fatigue and compassion satisfaction among Australian teachers. Psychol Trauma. 2023;16(8):1309-1318. PMID 37561440. doi:10.1037/tra0001573. Estudo transversal.",37561440,10.1037/tra0001573,https://doi.org/10.1037/tra0001573,https://pubmed.ncbi.nlm.nih.gov/37561440/,,mantém,Decisão do Dr. Antônio Felipe em 2026-10-06: mantém todas as referências
92,159,Professores de EJA: lidando com histórias de superação,3,Castro Schepers O. Exploring the demographics of teachers who experience secondary traumatic stress. BMC Psychol. 2023;11(1):181. PMID 37322560. doi:10.1186/s40359-023-01217-z. Estudo transversal.,37322560,10.1186/s40359-023-01217-z,https://doi.org/10.1186/s40359-023-01217-z,https://pubmed.ncbi.nlm.nih.gov/37322560/,,mantém,Decisão do Dr. Antônio Felipe em 2026-10-06: mantém todas as referências
93,160,Cuidadores de pacientes com Alzheimer avançado e o luto antecipatório,1,"Bermejo Gómez I, Gallego-Alberto L, Losada Baltar A et al. Anticipatory grief in family caregivers of persons with dementia. Psychosocial correlates and impact on caregiver's health: A literature review. Rev Esp Geriatr Gerontol. 2023;58(4):101374. PMID 37246011. doi:10.1016/j.regg.2023.05.001. Revisão (artigo em espanhol).",37246011,10.1016/j.regg.2023.05.001,https://doi.org/10.1016/j.regg.2023.05.001,https://pubmed.ncbi.nlm.nih.gov/37246011/,,mantém,Decisão do Dr. Antônio Felipe em 2026-10-06: mantém todas as referências
93,160,Cuidadores de pacientes com Alzheimer avançado e o luto antecipatório,2,"Dehpour T, Koffman J. Assessment of anticipatory grief in informal caregivers of dependants with dementia: a systematic review. Aging Ment Health. 2023;27(1):110-123. PMID 35168426. doi:10.1080/13607863.2022.2032599. Revisão sistemática.",35168426,10.1080/13607863.2022.2032599,https://doi.org/10.1080/13607863.2022.2032599,https://pubmed.ncbi.nlm.nih.gov/35168426/,,mantém,Decisão do Dr. Antônio Felipe em 2026-10-06: mantém todas as referências
93,160,Cuidadores de pacientes com Alzheimer avançado e o luto antecipatório,3,"Malhotra C, Chaudhry I, Shah SU et al. Caregivers' Burden and Anticipatory Grief Increases Acute Health Care Use in Older Adults with Severe Dementia. J Am Med Dir Assoc. 2024;25(7):104981. PMID 38599241. doi:10.1016/j.jamda.2024.03.001. Estudo de coorte.",38599241,10.1016/j.jamda.2024.03.001,https://doi.org/10.1016/j.jamda.2024.03.001,https://pubmed.ncbi.nlm.nih.gov/38599241/,,mantém,Decisão do Dr. Antônio Felipe em 2026-10-06: mantém todas as referências
94,164,Cuidadores familiares de dependentes químicos: manejo da codependência na APS,1,"Orford J, Velleman R, Natera G et al. Addiction in the family is a major but neglected contributor to the global burden of adult ill-health. Soc Sci Med. 2013;78:70-77. PMID 23268776. doi:10.1016/j.socscimed.2012.11.036. Revisão.",23268776,10.1016/j.socscimed.2012.11.036,https://doi.org/10.1016/j.socscimed.2012.11.036,https://pubmed.ncbi.nlm.nih.gov/23268776/,Uma fonte (revisão sobre o impacto da adicção na família).,mantém,Decisão do Dr. Antônio Felipe em 2026-10-06: mantém todas as referências
95,167,Disforia Sensorial e Sobrecarga no Transtorno do Espectro Autista,1,"Poulsen R, Williams Z, Dwyer P et al. How auditory processing influences the autistic profile: A review. Autism Res. 2024;17(12):2452-2470. PMID 39552096. doi:10.1002/aur.3259. Revisão.",39552096,10.1002/aur.3259,https://doi.org/10.1002/aur.3259,https://pubmed.ncbi.nlm.nih.gov/39552096/,Fontes sobre processamento auditivo e comorbidades no autismo; não há fonte sobre adaptação do atendimento.,mantém,Decisão do Dr. Antônio Felipe em 2026-10-06: mantém todas as referências
95,167,Disforia Sensorial e Sobrecarga no Transtorno do Espectro Autista,2,"Lai MC, Kassee C, Besney R et al. Prevalence of co-occurring mental health diagnoses in the autism population: a systematic review and meta-analysis. Lancet Psychiatry. 2019;6(10):819-829. PMID 31447415. doi:10.1016/S2215-0366(19)30289-5. Revisão sistemática e metanálise.",31447415,10.1016/S2215-0366(19)30289-5,https://doi.org/10.1016/S2215-0366(19)30289-5,https://pubmed.ncbi.nlm.nih.gov/31447415/,Fontes sobre processamento auditivo e comorbidades no autismo; não há fonte sobre adaptação do atendimento.,mantém,Decisão do Dr. Antônio Felipe em 2026-10-06: mantém todas as referências
96,168,Acatisia Induzida por Antipsicóticos: Diagnóstico e Conduta,1,"Gerolymos C, Barazer R, Yon DK et al. Drug Efficacy in the Treatment of Antipsychotic-Induced Akathisia: A Systematic Review and Network Meta-Analysis. JAMA Netw Open. 2024;7(3):e241527. PMID 38451521. doi:10.1001/jamanetworkopen.2024.1527. Revisão sistemática e metanálise em rede.",38451521,10.1001/jamanetworkopen.2024.1527,https://doi.org/10.1001/jamanetworkopen.2024.1527,https://pubmed.ncbi.nlm.nih.gov/38451521/,Duas fontes sobre tratamento e risco de acatisia.,mantém,Decisão do Dr. Antônio Felipe em 2026-10-06: mantém todas as referências
96,168,Acatisia Induzida por Antipsicóticos: Diagnóstico e Conduta,2,"Wu H, Siafis S, Wang D et al. Antipsychotic-induced akathisia in adults with acute schizophrenia: A systematic review and dose-response meta-analysis. Eur Neuropsychopharmacol. 2023;72:40-49. PMID 37075639. doi:10.1016/j.euroneuro.2023.03.015. Revisão sistemática e metanálise.",37075639,10.1016/j.euroneuro.2023.03.015,https://doi.org/10.1016/j.euroneuro.2023.03.015,https://pubmed.ncbi.nlm.nih.gov/37075639/,Duas fontes sobre tratamento e risco de acatisia.,mantém,Decisão do Dr. Antônio Felipe em 2026-10-06: mantém todas as referências
97,169,Transtorno da Fluência na Fala na Infância: Manejo Inicial na APS,1,"Laiho A, Elovaara H, Kaisamatti K et al. Stuttering interventions for children, adolescents, and adults: a systematic review as a part of clinical guidelines. J Commun Disord. 2022;99:106242. PMID 35751980. doi:10.1016/j.jcomdis.2022.106242. Revisão sistemática.",35751980,10.1016/j.jcomdis.2022.106242,https://doi.org/10.1016/j.jcomdis.2022.106242,https://pubmed.ncbi.nlm.nih.gov/35751980/,Duas fontes sobre intervenções na gagueira.,mantém,Decisão do Dr. Antônio Felipe em 2026-10-06: mantém todas as referências
97,169,Transtorno da Fluência na Fala na Infância: Manejo Inicial na APS,2,Nippold MA. Stuttering in Preschool Children: Direct Versus Indirect Treatment. Lang Speech Hear Serv Sch. 2018;49(1):4-12. PMID 29322186. doi:10.1044/2017_LSHSS-17-0066. Revisão.,29322186,10.1044/2017_LSHSS-17-0066,https://doi.org/10.1044/2017_LSHSS-17-0066,https://pubmed.ncbi.nlm.nih.gov/29322186/,Duas fontes sobre intervenções na gagueira.,mantém,Decisão do Dr. Antônio Felipe em 2026-10-06: mantém todas as referências
98,173,Distonia aguda por antipsicóticos na emergência: manejo prático,1,"Vanegas-Arroyave N, Caroff SN, Citrome L et al. An Evidence-Based Update on Anticholinergic Use for Drug-Induced Movement Disorders. CNS Drugs. 2024;38(4):239-254. PMID 38502289. doi:10.1007/s40263-024-01078-z. Revisão.",38502289,10.1007/s40263-024-01078-z,https://doi.org/10.1007/s40263-024-01078-z,https://pubmed.ncbi.nlm.nih.gov/38502289/,Mesmas fontes de revisões sobre movimentos induzidos por medicamentos do pacote 83.,mantém,Decisão do Dr. Antônio Felipe em 2026-10-06: mantém todas as referências
98,173,Distonia aguda por antipsicóticos na emergência: manejo prático,2,"Duma SR, Fung VS. Drug-induced movement disorders. Aust Prescr. 2019;42(2):56-61. PMID 31048939. doi:10.18773/austprescr.2019.014. Revisão.",31048939,10.18773/austprescr.2019.014,https://doi.org/10.18773/austprescr.2019.014,https://pubmed.ncbi.nlm.nih.gov/31048939/,Mesmas fontes de revisões sobre movimentos induzidos por medicamentos do pacote 83.,mantém,Decisão do Dr. Antônio Felipe em 2026-10-06: mantém todas as referências
98,173,Distonia aguda por antipsicóticos na emergência: manejo prático,3,"Ali T, Sisay M, Tariku M et al. Antipsychotic-induced extrapyramidal side effects: A systematic review and meta-analysis of observational studies. PLoS One. 2021;16(9):e0257129. PMID 34506552. doi:10.1371/journal.pone.0257129. Revisão sistemática e metanálise.",34506552,10.1371/journal.pone.0257129,https://doi.org/10.1371/journal.pone.0257129,https://pubmed.ncbi.nlm.nih.gov/34506552/,Mesmas fontes de revisões sobre movimentos induzidos por medicamentos do pacote 83.,mantém,Decisão do Dr. Antônio Felipe em 2026-10-06: mantém todas as referências
99,179,Professores e o suporte aos alunos com ideação suicida: guia na APS,1,"Wasserman D, Hoven CW, Wasserman C et al. School-based suicide prevention programmes: the SEYLE cluster-randomised, controlled trial. Lancet. 2015;385(9977):1536-1544. PMID 25579833. doi:10.1016/S0140-6736(14)61213-7. Ensaio clínico randomizado em cluster.",25579833,10.1016/S0140-6736(14)61213-7,https://doi.org/10.1016/S0140-6736(14)61213-7,https://pubmed.ncbi.nlm.nih.gov/25579833/,Uma fonte (ensaio de prevenção escolar); faltam fontes sobre o papel do professor.,mantém,Decisão do Dr. Antônio Felipe em 2026-10-06: mantém todas as referências
100,180,Uso Off-Label de Psicofármacos na UBS: Evidências e Prática,1,"Sharma AN, Arango C, Coghill D et al. BAP Position Statement: Off-label prescribing of psychotropic medication to children and adolescents. J Psychopharmacol. 2016;30(5):416-421. PMID 27098018. doi:10.1177/0269881116636107. Declaração de consenso.",27098018,10.1177/0269881116636107,https://doi.org/10.1177/0269881116636107,https://pubmed.ncbi.nlm.nih.gov/27098018/,A segunda fonte é um editorial; recomenda-se trocar por uma revisão ou diretriz.,mantém,Decisão do Dr. Antônio Felipe em 2026-10-06: mantém todas as referências
100,180,Uso Off-Label de Psicofármacos na UBS: Evidências e Prática,2,"Morales DR, Guthrie B. Off-label prescribing of antidepressants. BMJ. 2017;356:j849. PMID 28223288. doi:10.1136/bmj.j849. Editorial.",28223288,10.1136/bmj.j849,https://doi.org/10.1136/bmj.j849,https://pubmed.ncbi.nlm.nih.gov/28223288/,A segunda fonte é um editorial; recomenda-se trocar por uma revisão ou diretriz.,mantém,Decisão do Dr. Antônio Felipe em 2026-10-06: mantém todas as referências
101,181,Avaliação de Risco de Quedas por Psicofármacos na UBS: Guia para Residentes,1,"Seppala LJ, Petrovic M, Ryg J et al. STOPPFall (Screening Tool of Older Persons Prescriptions in older adults with high fall risk): a Delphi study by the EuGMS Task and Finish Group on Fall-Risk-Increasing Drugs. Age Ageing. 2021;50(4):1189-1199. PMID 33349863. doi:10.1093/ageing/afaa249. Consenso Delphi (ferramenta de prescrição).",33349863,10.1093/ageing/afaa249,https://doi.org/10.1093/ageing/afaa249,https://pubmed.ncbi.nlm.nih.gov/33349863/,Uma fonte é geral (desprescrição em doenças crônicas); a STOPPFall é específica para risco de quedas.,mantém,Decisão do Dr. Antônio Felipe em 2026-10-06: mantém todas as referências
101,181,Avaliação de Risco de Quedas por Psicofármacos na UBS: Guia para Residentes,2,"Dills H, Shah K, Messinger-Rapport B et al. Deprescribing Medications for Chronic Diseases Management in Primary Care Settings: A Systematic Review of Randomized Controlled Trials. J Am Med Dir Assoc. 2018;19(11):923-935.e2. PMID 30108032. doi:10.1016/j.jamda.2018.06.021. Revisão sistemática.",30108032,10.1016/j.jamda.2018.06.021,https://doi.org/10.1016/j.jamda.2018.06.021,https://pubmed.ncbi.nlm.nih.gov/30108032/,Uma fonte é geral (desprescrição em doenças crônicas); a STOPPFall é específica para risco de quedas.,mantém,Decisão do Dr. Antônio Felipe em 2026-10-06: mantém todas as referências
102,182,Manejo de Sintomas Depressivos Resistentes na UBS: Conduta para Residentes,1,"Rizvi SJ, Grima E, Tan M et al. Treatment-resistant depression in primary care across Canada. Can J Psychiatry. 2014;59(7):349-57. PMID 25007419. doi:10.1177/070674371405900702. Artigo original.",25007419,10.1177/070674371405900702,https://doi.org/10.1177/070674371405900702,https://pubmed.ncbi.nlm.nih.gov/25007419/,Apenas uma fonte (estudo canadense em atenção primária); faltam diretrizes de depressão resistente.,mantém,Decisão do Dr. Antônio Felipe em 2026-10-06: mantém todas as referências
103,184,Abordagem de Transtornos de Pânico no Pronto-Socorro: Guia para Residentes,1,"Manjunatha N, Ram D. Panic disorder in general medical practice- A narrative review. J Family Med Prim Care. 2022;11(3):861-869. PMID 35495823. doi:10.4103/jfmpc.jfmpc_888_21. Revisão narrativa.",35495823,10.4103/jfmpc.jfmpc_888_21,https://doi.org/10.4103/jfmpc.jfmpc_888_21,https://pubmed.ncbi.nlm.nih.gov/35495823/,Fontes gerais sobre pânico e dor torácica não cardíaca; não há fonte específica do pronto-socorro.,mantém,Decisão do Dr. Antônio Felipe em 2026-10-06: mantém todas as referências
103,184,Abordagem de Transtornos de Pânico no Pronto-Socorro: Guia para Residentes,2,"Campbell KA, Madva EN, Villegas AC et al. Non-cardiac Chest Pain: A Review for the Consultation-Liaison Psychiatrist. Psychosomatics. 2016;58(3):252-265. PMID 28196622. doi:10.1016/j.psym.2016.12.003. Revisão.",28196622,10.1016/j.psym.2016.12.003,https://doi.org/10.1016/j.psym.2016.12.003,https://pubmed.ncbi.nlm.nih.gov/28196622/,Fontes gerais sobre pânico e dor torácica não cardíaca; não há fonte específica do pronto-socorro.,mantém,Decisão do Dr. Antônio Felipe em 2026-10-06: mantém todas as referências
104,188,Avaliação de Sintomas Somáticos na UBS: Raciocínio Clínico para Residentes,1,Henningsen P. Management of somatic symptom disorder. Dialogues Clin Neurosci. 2018;20(1):23-31. PMID 29946208. doi:10.31887/DCNS.2018.20.1/phenningsen. Revisão.,29946208,10.31887/DCNS.2018.20.1/phenningsen,https://doi.org/10.31887/DCNS.2018.20.1/phenningsen,https://pubmed.ncbi.nlm.nih.gov/29946208/,Fontes sobre sintomas somáticos persistentes e intervenções psicológicas.,mantém,Decisão do Dr. Antônio Felipe em 2026-10-06: mantém todas as referências
104,188,Avaliação de Sintomas Somáticos na UBS: Raciocínio Clínico para Residentes,2,"Leaviss J, Davis S, Ren S et al. Behavioural modification interventions for medically unexplained symptoms in primary care: systematic reviews and economic evaluation. Health Technol Assess. 2020;24(46):1-490. PMID 32975190. doi:10.3310/hta24460. Revisão sistemática.",32975190,10.3310/hta24460,https://doi.org/10.3310/hta24460,https://pubmed.ncbi.nlm.nih.gov/32975190/,Fontes sobre sintomas somáticos persistentes e intervenções psicológicas.,mantém,Decisão do Dr. Antônio Felipe em 2026-10-06: mantém todas as referências
104,188,Avaliação de Sintomas Somáticos na UBS: Raciocínio Clínico para Residentes,3,"Swainston K, Thursby S, Bell B et al. What psychological interventions are effective for the management of persistent physical symptoms (PPS)? A systematic review and meta-analysis. Br J Health Psychol. 2022;28(1):80-97. PMID 35837827. doi:10.1111/bjhp.12613. Revisão sistemática e metanálise.",35837827,10.1111/bjhp.12613,https://doi.org/10.1111/bjhp.12613,https://pubmed.ncbi.nlm.nih.gov/35837827/,Fontes sobre sintomas somáticos persistentes e intervenções psicológicas.,mantém,Decisão do Dr. Antônio Felipe em 2026-10-06: mantém todas as referências
105,190,Manejo de Sintomas Psicóticos Induzidos por Substâncias no PA,1,"Myran DT, Harrison LD, Pugliese M et al. Transition to Schizophrenia Spectrum Disorder Following Emergency Department Visits Due to Substance Use With and Without Psychosis. JAMA Psychiatry. 2023;80(11):1169-1174. PMID 37755727. doi:10.1001/jamapsychiatry.2023.3582. Estudo de coorte.",37755727,10.1001/jamapsychiatry.2023.3582,https://doi.org/10.1001/jamapsychiatry.2023.3582,https://pubmed.ncbi.nlm.nih.gov/37755727/,Fontes sobre transição para esquizofrenia e mortalidade; não há diretriz de manejo agudo na busca.,mantém,Decisão do Dr. Antônio Felipe em 2026-10-06: mantém todas as referências
105,190,Manejo de Sintomas Psicóticos Induzidos por Substâncias no PA,2,"Rognli EB, Heiberg IH, Jacobsen BK et al. Transition From Substance-Induced Psychosis to Schizophrenia Spectrum Disorder or Bipolar Disorder. Am J Psychiatry. 2023;180(6):437-444. PMID 37132221. doi:10.1176/appi.ajp.22010076. Artigo original.",37132221,10.1176/appi.ajp.22010076,https://doi.org/10.1176/appi.ajp.22010076,https://pubmed.ncbi.nlm.nih.gov/37132221/,Fontes sobre transição para esquizofrenia e mortalidade; não há diretriz de manejo agudo na busca.,mantém,Decisão do Dr. Antônio Felipe em 2026-10-06: mantém todas as referências
105,190,Manejo de Sintomas Psicóticos Induzidos por Substâncias no PA,3,"Barbic D, Whyte M, Sidhu G et al. One-year mortality of emergency department patients with substance-induced psychosis. PLoS One. 2022;17(6):e0270307. PMID 35727766. doi:10.1371/journal.pone.0270307. Artigo original.",35727766,10.1371/journal.pone.0270307,https://doi.org/10.1371/journal.pone.0270307,https://pubmed.ncbi.nlm.nih.gov/35727766/,Fontes sobre transição para esquizofrenia e mortalidade; não há diretriz de manejo agudo na busca.,mantém,Decisão do Dr. Antônio Felipe em 2026-10-06: mantém todas as referências
106,191,Transtorno de Personalidade Borderline no Plantão: Conduta Inicial,1,"Besch V, Debbané M, Greiner C et al. Emergency psychiatric management of borderline personality disorder: Towards an articulation of modalities for personalised integrative care. Encephale. 2020;46(6):463-470. PMID 32571544. doi:10.1016/j.encep.2020.04.013. Revisão.",32571544,10.1016/j.encep.2020.04.013,https://doi.org/10.1016/j.encep.2020.04.013,https://pubmed.ncbi.nlm.nih.gov/32571544/,Fontes sobre manejo de emergência e perspectiva de pacientes; sem diretriz específica.,mantém,Decisão do Dr. Antônio Felipe em 2026-10-06: mantém todas as referências
106,191,Transtorno de Personalidade Borderline no Plantão: Conduta Inicial,2,"Vandyk A, Bentz A, Bissonette S et al. Why go to the emergency department? Perspectives from persons with borderline personality disorder. Int J Ment Health Nurs. 2019;28(3):757-765. PMID 30779279. doi:10.1111/inm.12580. Artigo original.",30779279,10.1111/inm.12580,https://doi.org/10.1111/inm.12580,https://pubmed.ncbi.nlm.nih.gov/30779279/,Fontes sobre manejo de emergência e perspectiva de pacientes; sem diretriz específica.,mantém,Decisão do Dr. Antônio Felipe em 2026-10-06: mantém todas as referências
107,194,Manejo da Insônia Aguda e Crônica em Pacientes Oncológicos na APS,1,"Grassi L, Zachariae R, Caruso R et al. Insomnia in adult patients with cancer: ESMO Clinical Practice Guideline. ESMO Open. 2023;8(6):102047. PMID 38158225. doi:10.1016/j.esmoop.2023.102047. Diretriz clínica.",38158225,10.1016/j.esmoop.2023.102047,https://doi.org/10.1016/j.esmoop.2023.102047,https://pubmed.ncbi.nlm.nih.gov/38158225/,"A diretriz da AASM trata de insônia crônica em geral, não de oncologia.",mantém,Decisão do Dr. Antônio Felipe em 2026-10-06: mantém todas as referências
107,194,Manejo da Insônia Aguda e Crônica em Pacientes Oncológicos na APS,2,"Edinger JD, Arnedt JT, Bertisch SM et al. Behavioral and psychological treatments for chronic insomnia disorder in adults: an American Academy of Sleep Medicine clinical practice guideline. J Clin Sleep Med. 2021;17(2):255-262. PMID 33164742. doi:10.5664/jcsm.8986. Diretriz clínica.",33164742,10.5664/jcsm.8986,https://doi.org/10.5664/jcsm.8986,https://pubmed.ncbi.nlm.nih.gov/33164742/,"A diretriz da AASM trata de insônia crônica em geral, não de oncologia.",mantém,Decisão do Dr. Antônio Felipe em 2026-10-06: mantém todas as referências
108,199,Uso de Benzodiazepínicos na Emergência: Manejo de Agudos,1,"Casey MF, Elder NM, Fenn A et al. Comparative Safety of Medications for Severe Agitation: A Geriatric Emergency Department Guidelines 2.0 Systematic Review. J Am Geriatr Soc. 2025;73(9):2893-2904. PMID 40275439. doi:10.1111/jgs.19485. Revisão sistemática.",40275439,10.1111/jgs.19485,https://doi.org/10.1111/jgs.19485,https://pubmed.ncbi.nlm.nih.gov/40275439/,Fontes sobre agitação aguda e delirium; não tratam de equivalência de benzodiazepínicos.,mantém,Decisão do Dr. Antônio Felipe em 2026-10-06: mantém todas as referências
108,199,Uso de Benzodiazepínicos na Emergência: Manejo de Agudos,2,"Uribe ES, Rodríguez CAB, Juárez MEN et al. ""Pharmacological management of acute agitation in psychiatric patients: an umbrella review"". BMC Psychiatry. 2025;25(1):273. PMID 40133850. doi:10.1186/s12888-024-06426-3. Revisão sistemática (umbrella).",40133850,10.1186/s12888-024-06426-3,https://doi.org/10.1186/s12888-024-06426-3,https://pubmed.ncbi.nlm.nih.gov/40133850/,Fontes sobre agitação aguda e delirium; não tratam de equivalência de benzodiazepínicos.,mantém,Decisão do Dr. Antônio Felipe em 2026-10-06: mantém todas as referências
108,199,Uso de Benzodiazepínicos na Emergência: Manejo de Agudos,3,Springer B. Hyperactive Delirium with Severe Agitation. Emerg Med Clin North Am. 2023;42(1):41-52. PMID 37977752. doi:10.1016/j.emc.2023.06.011. Revisão.,37977752,10.1016/j.emc.2023.06.011,https://doi.org/10.1016/j.emc.2023.06.011,https://pubmed.ncbi.nlm.nih.gov/37977752/,Fontes sobre agitação aguda e delirium; não tratam de equivalência de benzodiazepínicos.,mantém,Decisão do Dr. Antônio Felipe em 2026-10-06: mantém todas as referências
109,202,Transtorno de Personalidade Esquizotípica na APS: Rastreio e Manejo,1,"Kirchner SK, Roeh A, Nolden J et al. Diagnosis and treatment of schizotypal personality disorder: evidence from a systematic review. NPJ Schizophr. 2018;4(1):20. PMID 30282970. doi:10.1038/s41537-018-0062-8. Revisão sistemática.",30282970,10.1038/s41537-018-0062-8,https://doi.org/10.1038/s41537-018-0062-8,https://pubmed.ncbi.nlm.nih.gov/30282970/,Uma fonte (revisão sistemática); faltam fontes sobre manejo na atenção primária.,mantém,Decisão do Dr. Antônio Felipe em 2026-10-06: mantém todas as referências
110,203,Amnésia Global Transitória no Pronto-Socorro: Diagnóstico Diferencial Psiquiátrico,1,Ropper AH. Transient Global Amnesia. N Engl J Med. 2023;388(7):635-640. PMID 36791163. doi:10.1056/NEJMra2213867. Revisão.,36791163,10.1056/NEJMra2213867,https://doi.org/10.1056/NEJMra2213867,https://pubmed.ncbi.nlm.nih.gov/36791163/,Revisões sobre amnésia global transitória; sem fonte específica sobre diagnóstico diferencial psiquiátrico.,mantém,Decisão do Dr. Antônio Felipe em 2026-10-06: mantém todas as referências
110,203,Amnésia Global Transitória no Pronto-Socorro: Diagnóstico Diferencial Psiquiátrico,2,"Miller TD, Butler CR. Acute-onset amnesia: transient global amnesia and other causes. Pract Neurol. 2022;22(3):201-208. PMID 35504698. doi:10.1136/practneurol-2020-002826. Revisão.",35504698,10.1136/practneurol-2020-002826,https://doi.org/10.1136/practneurol-2020-002826,https://pubmed.ncbi.nlm.nih.gov/35504698/,Revisões sobre amnésia global transitória; sem fonte específica sobre diagnóstico diferencial psiquiátrico.,mantém,Decisão do Dr. Antônio Felipe em 2026-10-06: mantém todas as referências
110,203,Amnésia Global Transitória no Pronto-Socorro: Diagnóstico Diferencial Psiquiátrico,3,"Arena JE, Rabinstein AA. Transient global amnesia. Mayo Clin Proc. 2015;90(2):264-72. PMID 25659242. doi:10.1016/j.mayocp.2014.12.001. Revisão.",25659242,10.1016/j.mayocp.2014.12.001,https://doi.org/10.1016/j.mayocp.2014.12.001,https://pubmed.ncbi.nlm.nih.gov/25659242/,Revisões sobre amnésia global transitória; sem fonte específica sobre diagnóstico diferencial psiquiátrico.,mantém,Decisão do Dr. Antônio Felipe em 2026-10-06: mantém todas as referências
111,205,Síndrome do Coração Partido e Sofrimento Psíquico Agudo no PA,1,"Assad J, Femia G, Pender P et al. Takotsubo Syndrome: A Review of Presentation, Diagnosis and Management. Clin Med Insights Cardiol. 2022;16:11795468211065782. PMID 35002350. doi:10.1177/11795468211065782. Revisão.",35002350,10.1177/11795468211065782,https://doi.org/10.1177/11795468211065782,https://pubmed.ncbi.nlm.nih.gov/35002350/,Uma fonte sobre estresse e doença cardiovascular é geral.,mantém,Decisão do Dr. Antônio Felipe em 2026-10-06: mantém todas as referências
111,205,Síndrome do Coração Partido e Sofrimento Psíquico Agudo no PA,2,"Steptoe A, Kivimäki M. Stress and cardiovascular disease. Nat Rev Cardiol. 2012;9(6):360-70. PMID 22473079. doi:10.1038/nrcardio.2012.45. Revisão.",22473079,10.1038/nrcardio.2012.45,https://doi.org/10.1038/nrcardio.2012.45,https://pubmed.ncbi.nlm.nih.gov/22473079/,Uma fonte sobre estresse e doença cardiovascular é geral.,mantém,Decisão do Dr. Antônio Felipe em 2026-10-06: mantém todas as referências
112,206,Mutismo Acinético e Estados de Inércia Severa no Pronto-Socorro,1,"Wilson JE, Oldham MA, Francis A et al. Catatonia: American Psychiatric Association Resource Document. J Acad Consult Liaison Psychiatry. 2025;66(4):277-299. PMID 40368005. doi:10.1016/j.jaclp.2025.05.001. Documento de recursos da APA (revisão).",40368005,10.1016/j.jaclp.2025.05.001,https://doi.org/10.1016/j.jaclp.2025.05.001,https://pubmed.ncbi.nlm.nih.gov/40368005/,Fontes sobre catatonia; a segunda trata de mutismo acinético no contexto da COVID-19.,mantém,Decisão do Dr. Antônio Felipe em 2026-10-06: mantém todas as referências
112,206,Mutismo Acinético e Estados de Inércia Severa no Pronto-Socorro,2,"Fusunyan M, Praschan N, Fricchione G et al. Akinetic Mutism and Coronavirus Disease 2019: A Narrative Review. J Acad Consult Liaison Psychiatry. 2021;62(6):625-633. PMID 34461295. doi:10.1016/j.jaclp.2021.08.009. Revisão narrativa.",34461295,10.1016/j.jaclp.2021.08.009,https://doi.org/10.1016/j.jaclp.2021.08.009,https://pubmed.ncbi.nlm.nih.gov/34461295/,Fontes sobre catatonia; a segunda trata de mutismo acinético no contexto da COVID-19.,mantém,Decisão do Dr. Antônio Felipe em 2026-10-06: mantém todas as referências
113,207,Transtorno de Adaptação na APS: Diagnóstico e Conduta para Residentes,1,Geer K. Adjustment Disorder: Diagnosis and Treatment in Primary Care. Prim Care. 2023;50(1):83-88. PMID 36822730. doi:10.1016/j.pop.2022.10.006. Revisão.,36822730,10.1016/j.pop.2022.10.006,https://doi.org/10.1016/j.pop.2022.10.006,https://pubmed.ncbi.nlm.nih.gov/36822730/,Revisões gerais; a de 2009 é antiga.,mantém,Decisão do Dr. Antônio Felipe em 2026-10-06: mantém todas as referências
113,207,Transtorno de Adaptação na APS: Diagnóstico e Conduta para Residentes,2,"Casey P. Adjustment disorder: epidemiology, diagnosis and treatment. CNS Drugs. 2009;23(11):927-38. PMID 19845414. doi:10.2165/11311000-000000000-00000. Revisão.",19845414,10.2165/11311000-000000000-00000,https://doi.org/10.2165/11311000-000000000-00000,https://pubmed.ncbi.nlm.nih.gov/19845414/,Revisões gerais; a de 2009 é antiga.,mantém,Decisão do Dr. Antônio Felipe em 2026-10-06: mantém todas as referências
114,219,Uso de Antipsicóticos de Depósito na APS: Guia Prático para Residentes,1,"Krishna A, Goicochea S, Shah R et al. A Comprehensive Guide to Long-Acting Injectable Antipsychotics for Primary Care Clinicians. J Am Board Fam Med. 2024;37(4):773-783. PMID 39455270. doi:10.3122/jabfm.2022.220425R2. Revisão.",39455270,10.3122/jabfm.2022.220425R2,https://doi.org/10.3122/jabfm.2022.220425R2,https://pubmed.ncbi.nlm.nih.gov/39455270/,Fontes sobre injetáveis de ação prolongada; uma é metanálise de mortalidade.,mantém,Decisão do Dr. Antônio Felipe em 2026-10-06: mantém todas as referências
114,219,Uso de Antipsicóticos de Depósito na APS: Guia Prático para Residentes,2,"Aymerich C, Salazar de Pablo G, Pacho M et al. All-cause mortality risk in long-acting injectable versus oral antipsychotics in schizophrenia: a systematic review and meta-analysis. Mol Psychiatry. 2024;30(1):263-271. PMID 39174648. doi:10.1038/s41380-024-02694-3. Revisão sistemática e metanálise.",39174648,10.1038/s41380-024-02694-3,https://doi.org/10.1038/s41380-024-02694-3,https://pubmed.ncbi.nlm.nih.gov/39174648/,Fontes sobre injetáveis de ação prolongada; uma é metanálise de mortalidade.,mantém,Decisão do Dr. Antônio Felipe em 2026-10-06: mantém todas as referências
114,219,Uso de Antipsicóticos de Depósito na APS: Guia Prático para Residentes,3,"Olagunju AT, Clark SR, Baune BT. Long-acting atypical antipsychotics in schizophrenia: A systematic review and meta-analyses of effects on functional outcome. Aust N Z J Psychiatry. 2019;53(6):509-527. PMID 30957510. doi:10.1177/0004867419837358. Revisão sistemática e metanálise.",30957510,10.1177/0004867419837358,https://doi.org/10.1177/0004867419837358,https://pubmed.ncbi.nlm.nih.gov/30957510/,Fontes sobre injetáveis de ação prolongada; uma é metanálise de mortalidade.,mantém,Decisão do Dr. Antônio Felipe em 2026-10-06: mantém todas as referências
