data,dia,pacote,titulo,classe,pecas_de_texto,status
2026-10-05,seg,03,"O domingo à tarde em que o telefone não chamou",sensivel,carrossel_legenda.txt+reel_legenda.txt,aguardando arte/vídeo e agendamento manual
2026-10-06,ter,22,"Saúde mental de migrantes: Síndrome de Ulisses e luto migratório",sensivel,carrossel_legenda.txt+reel_legenda.txt+linkedin.txt,aguardando arte/vídeo e agendamento manual
2026-10-07,qua,04,"O corredor que parecia não ter fim",sensivel,carrossel_legenda.txt+reel_legenda.txt,aguardando arte/vídeo e agendamento manual
2026-10-08,qui,01,"O balcão da farmácia e as perguntas não feitas",normal,carrossel_legenda.txt+reel_legenda.txt,aguardando arte/vídeo e agendamento manual
2026-10-09,sex,23,"Sinais precoces de depressão: guia de apoio prático para familiares",sensivel,carrossel_legenda.txt+reel_legenda.txt+linkedin.txt,aguardando arte/vídeo e agendamento manual
2026-10-10,sáb,02,"O lenço esquecido na cadeira do consultório",normal,carrossel_legenda.txt+reel_legenda.txt,aguardando arte/vídeo e agendamento manual
2026-10-11,dom,05,"O peso da prancheta e o olhar que escuta na APS",normal,carrossel_legenda.txt+reel_legenda.txt,aguardando arte/vídeo e agendamento manual
2026-10-12,seg,06,"A última consulta antes do plantão virar a madrugada",normal,carrossel_legenda.txt+reel_legenda.txt,aguardando arte/vídeo e agendamento manual
2026-10-13,ter,24,"Psicoeducação em saúde mental na família: orientando para o cuidado",sensivel,carrossel_legenda.txt+reel_legenda.txt+linkedin.txt,aguardando arte/vídeo e agendamento manual
2026-10-14,qua,07,"O bilhete amassado no bolso do jaleco do plantão noturno",normal,carrossel_legenda.txt+reel_legenda.txt+linkedin.txt,aguardando arte/vídeo e agendamento manual
2026-10-15,qui,14,"O grampo de cabelo esquecido na maca de observação",sensivel,carrossel_legenda.txt+reel_legenda.txt+linkedin.txt,aguardando arte/vídeo e agendamento manual
2026-10-16,sex,25,"Primeiro episódio psicótico: orientações essenciais para a família",sensivel,carrossel_legenda.txt+reel_legenda.txt+linkedin.txt,aguardando arte/vídeo e agendamento manual
2026-10-17,sáb,08,"A chave que girou devagar na porta da UBS ao amanhecer",normal,carrossel_legenda.txt+reel_legenda.txt+linkedin.txt,aguardando arte/vídeo e agendamento manual
2026-10-18,dom,09,"O eco dos passos vazios no corredor do plantão de domingo",normal,carrossel_legenda.txt+reel_legenda.txt+linkedin.txt,aguardando arte/vídeo e agendamento manual
2026-10-19,seg,21,"A luz amarela do abajur na triagem do plantão",sensivel,carrossel_legenda.txt+reel_legenda.txt+linkedin.txt,aguardando arte/vídeo e agendamento manual
2026-10-20,ter,26,"Esquecimento comum ou sinal de alerta: conversando sobre memória",sensivel,carrossel_legenda.txt+reel_legenda.txt+linkedin.txt,aguardando arte/vídeo e agendamento manual
2026-10-21,qua,10,"O peso do crachá na mesa de triagem do pronto-socorro",normal,carrossel_legenda.txt+reel_legenda.txt+linkedin.txt,aguardando arte/vídeo e agendamento manual
2026-10-22,qui,11,"O som do teclado que não parava na noite de plantão",normal,carrossel_legenda.txt+reel_legenda.txt+linkedin.txt,aguardando arte/vídeo e agendamento manual
2026-10-23,sex,27,"Conviver com a oscilação de humor: limites e apoio familiar",sensivel,carrossel_legenda.txt+reel_legenda.txt+linkedin.txt,aguardando arte/vídeo e agendamento manual
2026-10-24,sáb,12,"A mancha de café na folha de prescrição avulsa",normal,carrossel_legenda.txt+reel_legenda.txt+linkedin.txt,aguardando arte/vídeo e agendamento manual
2026-10-25,dom,13,"A última lâmpada acesa no corredor do posto de saúde",normal,carrossel_legenda.txt+reel_legenda.txt+linkedin.txt,aguardando arte/vídeo e agendamento manual
2026-10-26,seg,15,"A caneta que falhou no meio da consulta",normal,carrossel_legenda.txt+reel_legenda.txt+linkedin.txt,aguardando arte/vídeo e agendamento manual
2026-10-27,ter,16,"O peso da chave guardada no bolso da bata branca",normal,carrossel_legenda.txt+reel_legenda.txt+linkedin.txt,aguardando arte/vídeo e agendamento manual
2026-10-28,qua,17,"O peso do bloco de receituário rasgado na mesa",normal,carrossel_legenda.txt+reel_legenda.txt+linkedin.txt,aguardando arte/vídeo e agendamento manual
2026-10-29,qui,28,"Emissão de CAT por adoecimento mental: quando e como proceder",sensivel,carrossel_legenda.txt+reel_legenda.txt+linkedin.txt,aguardando arte/vídeo e agendamento manual
2026-10-30,sex,18,"O eco da campainha da última casa na visita domiciliar",normal,carrossel_legenda.txt+reel_legenda.txt+linkedin.txt,aguardando arte/vídeo e agendamento manual
2026-10-31,sáb,19,"A luz acesa na sala de vacina quando a UBS já está vazia",normal,carrossel_legenda.txt+reel_legenda.txt+linkedin.txt,aguardando arte/vídeo e agendamento manual
2026-11-01,dom,20,"O som do estetoscópio na mesa de madeira escura",normal,carrossel_legenda.txt+reel_legenda.txt+linkedin.txt,aguardando arte/vídeo e agendamento manual
